251517,Priority Acura,1701 S Military Hwy ,Chesapeake,VA,23320
251592,Family Motors Acura,4625 Wible Rd ,Bakersfield,CA,93313
251541,Acura of Johnston,5138 Merle Hay Rd ,Johnston,IA,50131
251054,Mike Hale Acura,5601 S State St ,Murray,UT,84107
251269,Duncan Acura,2032 Peters Creek Rd NW ,Roanoke,VA,24017
251046,King Acura,1687 Montgomery Hwy ,Vestavia Hills,AL,35216
251565,Vern Eide Acura,4030 S Grange Ave ,Sioux Falls,SD,57105
251404,Bradshaw Acura,2450 Laurens Rd ,Greenville,SC,29607
251522,Acura of Peoria,9190 W Bell Rd ,Peoria,AZ,85382
251087,Neil Huffman Acura at Oxmoor,100 Oxmoor Ct ,Louisville,KY,40222
251027,Montano Acura,1200 S Renaissance Blvd NE ,Albuquerque,NM,87107
251613,Pikes Peak Acura,655 Automotive Dr ,Colorado Spgs,CO,80905
251150,Jody Wilkinson Acura,1111 S Main St ,Salt Lake City,UT,84111
251075,Gary Force Acura,1634 Westgate Cir ,Brentwood,TN,37027
251365,Acura of Salem,2475 Commercial St SE ,Salem,OR,97302
251595,Acura of Tempe,7800 S Autoplex Loop ,Tempe,AZ,85284
251132,Fresno Acura,7250 N Palm Ave ,Fresno,CA,93711
251021,Acura Columbus,4340 W Dublin Granville Rd ,Dublin,OH,43017
251347,Zimbrick Acura,7525 Century Ave ,Middleton,WI,53562
251122,Acura of Omaha,4211 S 144th St ,Omaha,NE,68137
251347,Zimbrick Acura,7525 Century Ave ,Middleton,WI,53562
251450,Dave White Acura,5868 Monroe St ,Sylvania,OH,43560
251224,Southern Motors Acura,102 Park of Commerce Dr # D,Savannah,GA,31405
251613,Pikes Peak Acura,655 Automotive Dr ,Colorado Spgs,CO,80905
251593,Cardinaleway Acura Las Vegas,7000 W Sahara Ave ,Las Vegas,NV,89117
251046,King Acura,1687 Montgomery Hwy ,Vestavia Hills,AL,35216
251491,McDaniels Acura of Charleston,2283 Savannah Hwy ,Charleston,SC,29414
251597,Speedcraft Acura,883 Quaker Ln ,West Warwick,RI,02893
251406,AutoNation Acura North Orlando,1001 Rinehart Rd ,Sanford,FL,32771
251057,Rosenthal Acura,623 N Frederick Ave ,Gaithersburg,MD,20879
251122,Acura of Omaha,4211 S 144th St ,Omaha,NE,68137
